ID;ID_SETUPMETER;ID_PERIOD;ID_SETUPCONSUMER;ID_LAST_READING;READING_LAST;DATE_LAST;READING_NEXT;DATE_NEXT;KWH;CREATED;UPDATED;ID_USR;COMMENT;TRANS_WORK;ID_TURNOFF_TYPE
4097;1;1;10672;NULL;11824,0000000;NULL;11824,0000000;NULL;NULL;19.10.2010, 13:21:04.617;12.05.2011, 09:21:19.312;111;NULL;1;0
4098;2;1;27468;NULL;302,0000000;NULL;347,0000000;NULL;NULL;19.10.2010, 13:21:04.617;12.05.2011, 09:21:19.312;106;NULL;1;0
4099;3;1;27383;NULL;18483,0000000;NULL;19105,0000000;NULL;NULL;19.10.2010, 13:21:04.617;12.05.2011, 09:21:19.312;127;NULL;1;0
4100;4;1;5616;NULL;35,0000000;NULL;40,0000000;NULL;NULL;19.10.2010, 13:21:04.617;12.05.2011, 09:21:19.312;124;NULL;1;0
4101;5;1;28453;NULL;3775,0000000;NULL;6646,0000000;NULL;NULL;19.10.2010, 13:21:04.617;12.05.2011, 09:21:19.312;124;NULL;1;0
4102;6;1;19198;NULL;12460,0000000;NULL;12485,0000000;NULL;NULL;19.10.2010, 13:21:04.617;12.05.2011, 09:21:19.312;136;NULL;1;0
4103;7;1;27368;NULL;398,0000000;NULL;642,0000000;NULL;NULL;19.10.2010, 13:21:04.617;12.05.2011, 09:21:19.312;111;NULL;1;0
4105;9;1;8001;NULL;54,0000000;NULL;70,0000000;NULL;41,0000000;19.10.2010, 13:21:04.617;12.05.2011, 09:21:19.312;129;NULL;1;0
4106;10;1;26776;NULL;8686,0000000;NULL;9482,0000000;NULL;NULL;19.10.2010, 13:21:04.617;12.05.2011, 09:21:19.312;150;NULL;1;0
4108;12;1;11624;NULL;52,0000000;NULL;52,0000000;NULL;NULL;19.10.2010, 13:21:04.617;12.05.2011, 09:21:19.312;143;NULL;1;0
4109;13;1;25806;NULL;17,0000000;NULL;17,0000000;NULL;NULL;19.10.2010, 13:21:04.617;12.05.2011, 09:21:19.312;143;NULL;1;0
4110;14;1;16153;NULL;170837,0000000;NULL;171487,0000000;NULL;NULL;19.10.2010, 13:21:04.617;12.05.2011, 09:21:19.312;171;NULL;1;0
4111;15;1;16156;NULL;34025,0000000;NULL;34687,0000000;NULL;NULL;19.10.2010, 13:21:04.617;12.05.2011, 09:21:19.312;171;NULL;1;0
4112;16;1;17132;NULL;8470,0000000;NULL;8485,0000000;NULL;NULL;19.10.2010, 13:21:04.617;12.05.2011, 09:21:19.312;155;NULL;1;0
4113;17;1;28989;NULL;5531,0000000;NULL;5641,0000000;NULL;-110,0000000;19.10.2010, 13:21:04.617;12.05.2011, 09:21:19.312;158;NULL;1;0
4114;18;1;4286;NULL;2739,0000000;NULL;3533,0000000;NULL;NULL;19.10.2010, 13:21:04.617;12.05.2011, 09:21:19.312;155;NULL;1;0
4115;19;1;27675;NULL;3522,0000000;NULL;3702,0000000;NULL;NULL;19.10.2010, 13:21:04.617;12.05.2011, 09:21:19.312;171;NULL;1;0
4116;20;1;23063;NULL;2368,0000000;NULL;2454,0000000;NULL;NULL;19.10.2010, 13:21:04.617;12.05.2011, 09:21:19.312;184;NULL;1;0
4117;21;1;13294;NULL;647,0000000;NULL;790,0000000;NULL;NULL;19.10.2010, 13:21:04.617;12.05.2011, 09:21:19.312;156;NULL;1;0
4118;22;1;15473;NULL;3557,0000000;NULL;3799,0000000;NULL;NULL;19.10.2010, 13:21:04.617;12.05.2011, 09:21:19.312;106;NULL;1;0
4119;23;1;18694;NULL;133280,0000000;NULL;134257,0000000;NULL;NULL;19.10.2010, 13:21:04.617;12.05.2011, 09:21:19.312;122;NULL;1;0
4120;24;1;5459;NULL;15595,0000000;NULL;15789,0000000;NULL;NULL;19.10.2010, 13:21:04.617;12.05.2011, 09:21:19.312;122;NULL;1;0
4121;25;1;5335;NULL;20,0000000;NULL;20,0000000;NULL;NULL;19.10.2010, 13:21:04.617;12.05.2011, 09:21:19.312;122;NULL;1;0
4122;26;1;5463;NULL;1234,0000000;NULL;1234,0000000;NULL;NULL;19.10.2010, 13:21:04.617;12.05.2011, 09:21:19.312;122;NULL;1;0
4123;27;1;5052;NULL;3144,0000000;NULL;3170,0000000;NULL;NULL;19.10.2010, 13:21:04.617;12.05.2011, 09:21:19.312;122;NULL;1;0
4124;28;1;5839;NULL;11597,0000000;NULL;11915,0000000;NULL;NULL;19.10.2010, 13:21:04.617;12.05.2011, 09:21:19.312;122;NULL;1;0
4125;29;1;6524;NULL;41970,0000000;NULL;41970,0000000;NULL;NULL;19.10.2010, 13:21:04.617;12.05.2011, 09:21:19.312;122;NULL;1;0
4126;32;1;6061;NULL;78594,0000000;NULL;78894,0000000;NULL;NULL;19.10.2010, 13:21:04.617;12.05.2011, 09:21:19.312;124;NULL;1;0
4127;33;1;6032;NULL;4800,0000000;NULL;4800,0000000;NULL;NULL;19.10.2010, 13:21:04.617;12.05.2011, 09:21:19.312;124;NULL;1;0
4128;34;1;6546;NULL;18073,0000000;NULL;19423,0000000;NULL;NULL;19.10.2010, 13:21:04.617;12.05.2011, 09:21:19.312;124;NULL;1;0
4129;36;1;6563;NULL;8621,0000000;NULL;8707,0000000;NULL;NULL;19.10.2010, 13:21:04.617;12.05.2011, 09:21:19.312;124;NULL;1;0
4130;37;1;5581;NULL;49907,0000000;NULL;50963,0000000;NULL;NULL;19.10.2010, 13:21:04.617;12.05.2011, 09:21:19.312;124;NULL;1;0
4131;38;1;7214;NULL;2281,0000000;NULL;2305,0000000;NULL;NULL;19.10.2010, 13:21:04.617;12.05.2011, 09:21:19.312;124;NULL;1;0
4132;39;1;5610;NULL;105062,0000000;NULL;105062,0000000;NULL;NULL;19.10.2010, 13:21:04.617;12.05.2011, 09:21:19.312;124;NULL;1;0
4133;40;1;4106;NULL;13,0000000;NULL;13,0000000;NULL;NULL;19.10.2010, 13:21:04.617;12.05.2011, 09:21:19.312;106;NULL;1;0
4134;41;1;4474;NULL;19200,0000000;NULL;21390,0000000;NULL;NULL;19.10.2010, 13:21:04.617;12.05.2011, 09:21:19.312;155;NULL;1;0
4135;42;1;5112;NULL;775934,0000000;NULL;788449,0000000;NULL;NULL;19.10.2010, 13:21:04.617;12.05.2011, 09:21:19.312;174;NULL;1;0
4136;43;1;20757;NULL;23781,0000000;NULL;26640,0000000;NULL;NULL;19.10.2010, 13:21:04.617;12.05.2011, 09:21:19.312;130;NULL;1;0
4137;44;1;28641;NULL;192748,0000000;NULL;201935,0000000;NULL;NULL;19.10.2010, 13:21:04.617;12.05.2011, 09:21:19.312;169;NULL;1;0
4138;45;1;27158;NULL;140,0000000;NULL;270,0000000;NULL;NULL;19.10.2010, 13:21:04.617;12.05.2011, 09:21:19.312;169;NULL;1;0
4139;46;1;5613;NULL;10,0000000;NULL;10,0000000;NULL;NULL;19.10.2010, 13:21:04.617;12.05.2011, 09:21:19.312;124;NULL;1;0
4140;47;1;8945;NULL;5562,0000000;NULL;5615,0000000;NULL;NULL;19.10.2010, 13:21:04.617;12.05.2011, 09:21:19.312;147;NULL;1;0
4141;48;1;19211;NULL;288,0000000;NULL;288,0000000;NULL;NULL;19.10.2010, 13:21:04.617;12.05.2011, 09:21:19.312;136;NULL;1;0
4142;49;1;27384;NULL;161,0000000;NULL;182,0000000;NULL;NULL;19.10.2010, 13:21:04.617;12.05.2011, 09:21:19.312;111;NULL;1;0
4143;50;1;15678;NULL;24481,0000000;NULL;25017,0000000;NULL;NULL;19.10.2010, 13:21:04.617;12.05.2011, 09:21:19.312;129;NULL;1;0
4144;51;1;11675;NULL;2004,0000000;NULL;2379,0000000;NULL;NULL;19.10.2010, 13:21:04.617;12.05.2011, 09:21:19.312;146;NULL;1;0
4145;52;1;10314;NULL;1690,0000000;NULL;1767,0000000;NULL;NULL;19.10.2010, 13:21:04.617;12.05.2011, 09:21:19.312;129;NULL;1;0
4146;53;1;11626;NULL;204,0000000;NULL;204,0000000;NULL;NULL;19.10.2010, 13:21:04.617;12.05.2011, 09:21:19.312;143;NULL;1;0
4147;54;1;27758;NULL;184,6700000;NULL;194,9900000;NULL;NULL;19.10.2010, 13:21:04.617;12.05.2011, 09:21:19.312;NULL;NULL;1;0
4148;55;1;25519;NULL;915,0000000;NULL;1524,0000000;NULL;NULL;19.10.2010, 13:21:04.617;12.05.2011, 09:21:19.312;184;NULL;1;0
4149;56;1;9002;NULL;8910,0000000;NULL;NULL;NULL;NULL;19.10.2010, 13:21:04.617;12.05.2011, 09:21:19.312;NULL;NULL;1;0
4150;57;1;8993;NULL;8360,0000000;NULL;NULL;NULL;NULL;19.10.2010, 13:21:04.617;12.05.2011, 09:21:19.312;NULL;NULL;1;0
4151;58;1;2205;NULL;12641,0000000;NULL;13048,0000000;NULL;NULL;19.10.2010, 13:21:04.617;12.05.2011, 09:21:19.312;148;NULL;1;0
4152;59;1;28975;NULL;3335,0000000;NULL;3335,0000000;NULL;NULL;19.10.2010, 13:21:04.617;12.05.2011, 09:21:19.312;158;NULL;1;0
4153;60;1;5181;NULL;30,0000000;NULL;30,0000000;NULL;NULL;19.10.2010, 13:21:04.617;12.05.2011, 09:21:19.312;174;NULL;1;0
4154;61;1;30161;NULL;2057,0000000;NULL;2095,0000000;NULL;NULL;19.10.2010, 13:21:04.617;12.05.2011, 09:21:19.312;184;NULL;1;0
4155;62;1;12773;NULL;500,0000000;NULL;593,0000000;NULL;NULL;19.10.2010, 13:21:04.617;12.05.2011, 09:21:19.312;171;NULL;1;0
4156;63;1;18692;NULL;25815,0000000;NULL;25815,0000000;NULL;NULL;19.10.2010, 13:21:04.617;12.05.2011, 09:21:19.312;135;NULL;1;0
4157;64;1;3566;NULL;40054,0000000;NULL;40312,0000000;NULL;NULL;19.10.2010, 13:21:04.617;12.05.2011, 09:21:19.312;156;NULL;1;0
4158;65;1;5456;NULL;19294,0000000;NULL;19520,0000000;NULL;NULL;19.10.2010, 13:21:04.617;12.05.2011, 09:21:19.312;122;NULL;1;0
4159;67;1;5434;NULL;5,0000000;NULL;5,0000000;NULL;NULL;19.10.2010, 13:21:04.617;12.05.2011, 09:21:19.312;122;NULL;1;0
4160;68;1;5482;NULL;6810,0000000;NULL;7043,0000000;NULL;NULL;19.10.2010, 13:21:04.617;12.05.2011, 09:21:19.312;122;NULL;1;0
4161;69;1;5656;NULL;65371,0000000;NULL;65904,0000000;NULL;NULL;19.10.2010, 13:21:04.617;12.05.2011, 09:21:19.312;122;NULL;1;0
4162;70;1;5615;NULL;4520,0000000;NULL;4520,0000000;NULL;NULL;19.10.2010, 13:21:04.617;12.05.2011, 09:21:19.312;124;NULL;1;0
4163;71;1;5363;NULL;4769,0000000;NULL;5059,0000000;NULL;NULL;19.10.2010, 13:21:04.617;12.05.2011, 09:21:19.312;124;NULL;1;0
4164;75;1;5869;NULL;7000,0000000;NULL;7000,0000000;NULL;NULL;19.10.2010, 13:21:04.617;12.05.2011, 09:21:19.312;126;NULL;1;0
4165;76;1;6141;NULL;48830,0000000;NULL;48830,0000000;NULL;NULL;19.10.2010, 13:21:04.617;12.05.2011, 09:21:19.312;126;NULL;1;0
4166;77;1;5961;NULL;3240,0000000;NULL;3400,0000000;NULL;NULL;19.10.2010, 13:21:04.617;12.05.2011, 09:21:19.312;126;NULL;1;0
4167;78;1;6596;NULL;6568,0000000;NULL;6729,0000000;NULL;NULL;19.10.2010, 13:21:04.617;12.05.2011, 09:21:19.312;126;NULL;1;0
4168;79;1;6476;NULL;80380,0000000;NULL;81714,0000000;NULL;NULL;19.10.2010, 13:21:04.617;12.05.2011, 09:21:19.312;126;NULL;1;0
4169;80;1;22704;NULL;149,0000000;NULL;156,0000000;NULL;NULL;19.10.2010, 13:21:04.617;12.05.2011, 09:21:19.312;178;NULL;1;0
4170;81;1;3437;NULL;19362,0000000;NULL;21048,0000000;NULL;NULL;19.10.2010, 13:21:04.617;12.05.2011, 09:21:19.312;156;NULL;1;0
4171;82;1;28034;NULL;250,0000000;NULL;271,0000000;NULL;NULL;19.10.2010, 13:21:04.617;12.05.2011, 09:21:19.312;169;NULL;1;0
4172;83;1;13205;NULL;5485,0000000;NULL;11652,0000000;NULL;NULL;19.10.2010, 13:21:04.617;12.05.2011, 09:21:19.312;169;NULL;1;0
4173;84;1;21604;NULL;720,0000000;NULL;720,0000000;NULL;NULL;19.10.2010, 13:21:04.617;12.05.2011, 09:21:19.312;129;NULL;1;0
4174;85;1;27474;NULL;694709,0000000;NULL;NULL;NULL;NULL;19.10.2010, 13:21:04.617;12.05.2011, 09:21:19.312;NULL;NULL;1;0
4175;86;1;7801;NULL;49833,0000000;NULL;52875,0000000;NULL;NULL;19.10.2010, 13:21:04.617;12.05.2011, 09:21:19.312;147;NULL;1;0
4176;87;1;11946;NULL;693,0000000;NULL;1300,0000000;NULL;NULL;19.10.2010, 13:21:04.617;12.05.2011, 09:21:19.312;138;NULL;1;0
4177;88;1;29330;NULL;3882,0000000;NULL;3982,0000000;NULL;NULL;19.10.2010, 13:21:04.617;12.05.2011, 09:21:19.312;122;NULL;1;0
4178;89;1;28692;NULL;571,0000000;NULL;571,0000000;NULL;NULL;19.10.2010, 13:21:04.617;12.05.2011, 09:21:19.312;174;NULL;1;0
4179;90;1;583;NULL;3638,0000000;NULL;3675,0000000;NULL;NULL;19.10.2010, 13:21:04.617;12.05.2011, 09:21:19.312;174;NULL;1;0
4180;91;1;9626;NULL;3738,0000000;NULL;3955,0000000;NULL;NULL;19.10.2010, 13:21:04.617;12.05.2011, 09:21:19.312;171;NULL;1;0
4181;92;1;15592;NULL;206,0000000;NULL;246,0000000;NULL;NULL;19.10.2010, 13:21:04.617;12.05.2011, 09:21:19.312;111;NULL;1;0
4182;94;1;28396;NULL;914,0000000;NULL;1236,0000000;NULL;569,0000000;19.10.2010, 13:21:04.617;12.05.2011, 09:21:19.312;146;NULL;1;0
4183;95;1;20228;NULL;6302,0000000;NULL;6404,0000000;NULL;NULL;19.10.2010, 13:21:04.617;12.05.2011, 09:21:19.312;155;NULL;1;0
4184;96;1;25202;NULL;7689,0000000;NULL;NULL;NULL;NULL;19.10.2010, 13:21:04.617;12.05.2011, 09:21:19.312;NULL;NULL;1;0
4185;97;1;25367;NULL;1511,0000000;NULL;1898,0000000;NULL;NULL;19.10.2010, 13:21:04.617;12.05.2011, 09:21:19.312;106;NULL;1;0
4186;98;1;19147;NULL;6750,0000000;NULL;6997,0000000;NULL;788,0000000;19.10.2010, 13:21:04.617;12.05.2011, 09:21:19.312;146;NULL;1;0
4187;99;1;124;NULL;8820,0000000;NULL;2800,0000000;NULL;NULL;19.10.2010, 13:21:04.617;12.05.2011, 09:21:19.312;106;NULL;1;0
4188;100;1;5139;NULL;78809,0000000;NULL;79703,0000000;NULL;NULL;19.10.2010, 13:21:04.617;12.05.2011, 09:21:19.312;174;NULL;1;0
4189;101;1;19;NULL;2847,0000000;NULL;3528,0000000;NULL;NULL;19.10.2010, 13:21:04.617;12.05.2011, 09:21:19.312;174;NULL;1;0
4190;102;1;13604;NULL;2212,0000000;NULL;2791,0000000;NULL;NULL;19.10.2010, 13:21:04.617;12.05.2011, 09:21:19.312;106;NULL;1;0
4191;103;1;4915;NULL;16384,0000000;NULL;17710,0000000;NULL;NULL;19.10.2010, 13:21:04.617;12.05.2011, 09:21:19.312;106;NULL;1;0
4192;104;1;30864;NULL;9445,0000000;NULL;9565,0000000;NULL;NULL;19.10.2010, 13:21:04.617;12.05.2011, 09:21:19.312;148;NULL;1;0
4193;105;1;5483;NULL;47056,0000000;NULL;49111,0000000;NULL;329,0000000;19.10.2010, 13:21:04.617;12.05.2011, 09:21:19.312;122;NULL;1;0
4194;106;1;5725;NULL;11785,0000000;NULL;11938,0000000;NULL;NULL;19.10.2010, 13:21:04.617;12.05.2011, 09:21:19.312;122;NULL;1;0
4195;107;1;5414;NULL;12738,0000000;NULL;12960,0000000;NULL;NULL;19.10.2010, 13:21:04.617;12.05.2011, 09:21:19.312;122;NULL;1;0
4196;108;1;5428;NULL;10620,0000000;NULL;11220,0000000;NULL;NULL;19.10.2010, 13:21:04.617;12.05.2011, 09:21:19.312;122;NULL;1;0
4197;109;1;5301;NULL;19799,0000000;NULL;20394,0000000;NULL;NULL;19.10.2010, 13:21:04.617;12.05.2011, 09:21:19.312;122;NULL;1;0
4198;110;1;6116;NULL;23819,0000000;NULL;24992,0000000;NULL;NULL;19.10.2010, 13:21:04.617;12.05.2011, 09:21:19.312;124;NULL;1;0
4199;111;1;5320;NULL;1639,0000000;NULL;1739,0000000;NULL;NULL;19.10.2010, 13:21:04.617;12.05.2011, 09:21:19.312;124;NULL;1;0
4200;112;1;5608;NULL;15800,0000000;NULL;15800,0000000;NULL;-494,0000000;19.10.2010, 13:21:04.617;12.05.2011, 09:21:19.312;124;NULL;1;0
4201;113;1;5631;NULL;769,0000000;NULL;774,0000000;NULL;NULL;19.10.2010, 13:21:04.617;12.05.2011, 09:21:19.312;124;NULL;1;0
4202;116;1;7355;NULL;207,0000000;NULL;207,0000000;NULL;NULL;19.10.2010, 13:21:04.617;12.05.2011, 09:21:19.312;126;NULL;1;0
4203;117;1;5870;NULL;95000,0000000;NULL;95280,0000000;NULL;NULL;19.10.2010, 13:21:04.617;12.05.2011, 09:21:19.312;126;NULL;1;0
4204;118;1;5131;NULL;39050,0000000;NULL;39427,0000000;NULL;NULL;19.10.2010, 13:21:04.617;12.05.2011, 09:21:19.312;174;NULL;1;0
4205;119;1;16751;NULL;56412,0000000;NULL;58916,0000000;NULL;NULL;19.10.2010, 13:21:04.617;12.05.2011, 09:21:19.312;169;NULL;1;0
4206;120;1;13206;NULL;34157,0000000;NULL;35495,0000000;NULL;NULL;19.10.2010, 13:21:04.617;12.05.2011, 09:21:19.312;169;NULL;1;0
4207;121;1;28715;NULL;201,0000000;NULL;368,0000000;NULL;NULL;19.10.2010, 13:21:04.617;12.05.2011, 09:21:19.312;129;NULL;1;0
4208;122;1;27478;NULL;16908,0000000;NULL;NULL;NULL;NULL;19.10.2010, 13:21:04.617;12.05.2011, 09:21:19.312;NULL;NULL;1;0
4209;123;1;21920;NULL;3254,0000000;NULL;4147,0000000;NULL;NULL;19.10.2010, 13:21:04.617;12.05.2011, 09:21:19.312;132;NULL;1;0
4210;124;1;24489;NULL;2574,0000000;NULL;NULL;NULL;NULL;19.10.2010, 13:21:04.617;12.05.2011, 09:21:19.312;NULL;NULL;1;0
4211;125;1;574;NULL;759,0000000;NULL;1101,0000000;NULL;NULL;19.10.2010, 13:21:04.617;12.05.2011, 09:21:19.312;174;NULL;1;0
4212;126;1;19837;NULL;1936,0000000;NULL;NULL;NULL;NULL;19.10.2010, 13:21:04.617;12.05.2011, 09:21:19.312;NULL;NULL;1;0
4213;127;1;202;NULL;8143,0000000;NULL;8479,0000000;NULL;NULL;19.10.2010, 13:21:04.617;12.05.2011, 09:21:19.312;110;NULL;1;0
4214;128;1;5132;NULL;6680,0000000;NULL;6685,0000000;NULL;NULL;19.10.2010, 13:21:04.617;12.05.2011, 09:21:19.312;174;NULL;1;0
4215;129;1;13327;NULL;12501,0000000;NULL;12590,0000000;NULL;NULL;19.10.2010, 13:21:04.617;12.05.2011, 09:21:19.312;111;NULL;1;0
4216;130;1;29433;NULL;4,0000000;NULL;4,0000000;NULL;NULL;19.10.2010, 13:21:04.617;12.05.2011, 09:21:19.312;145;NULL;1;0
4217;131;1;15859;NULL;76258,0000000;NULL;81170,0000000;NULL;NULL;19.10.2010, 13:21:04.617;12.05.2011, 09:21:19.312;171;NULL;1;0
4218;132;1;15476;NULL;5667,0000000;NULL;5918,0000000;NULL;NULL;19.10.2010, 13:21:04.617;12.05.2011, 09:21:19.312;106;NULL;1;0
4219;133;1;15478;NULL;5468,0000000;NULL;5830,0000000;NULL;NULL;19.10.2010, 13:21:04.617;12.05.2011, 09:21:19.312;106;NULL;1;0
4220;134;1;15467;NULL;4935,0000000;NULL;5355,0000000;NULL;NULL;19.10.2010, 13:21:04.617;12.05.2011, 09:21:19.312;106;NULL;1;0
4221;135;1;5307;NULL;26535,0000000;NULL;26535,0000000;NULL;256,0000000;19.10.2010, 13:21:04.617;12.05.2011, 09:21:19.312;122;NULL;1;0
4222;136;1;5478;NULL;2492,0000000;NULL;4243,0000000;NULL;NULL;19.10.2010, 13:21:04.617;12.05.2011, 09:21:19.312;122;NULL;1;0
4223;137;1;5216;NULL;2350,0000000;NULL;2405,0000000;NULL;NULL;19.10.2010, 13:21:04.617;12.05.2011, 09:21:19.312;122;NULL;1;0
4224;139;1;5452;NULL;7826,0000000;NULL;9141,0000000;NULL;NULL;19.10.2010, 13:21:04.617;12.05.2011, 09:21:19.312;122;NULL;1;0
4225;141;1;5911;NULL;148310,0000000;NULL;148310,0000000;NULL;NULL;19.10.2010, 13:21:04.617;12.05.2011, 09:21:19.312;124;NULL;1;0
4226;142;1;6266;NULL;15524,0000000;NULL;15735,0000000;NULL;NULL;19.10.2010, 13:21:04.617;12.05.2011, 09:21:19.312;124;NULL;1;0
4227;143;1;5902;NULL;45873,0000000;NULL;46591,0000000;NULL;NULL;19.10.2010, 13:21:04.617;12.05.2011, 09:21:19.312;124;NULL;1;0
4228;147;1;6346;NULL;82782,0000000;NULL;83410,0000000;NULL;NULL;19.10.2010, 13:21:04.617;12.05.2011, 09:21:19.312;126;NULL;1;0
4229;148;1;7440;NULL;3533,0000000;NULL;3533,0000000;NULL;NULL;19.10.2010, 13:21:04.617;12.05.2011, 09:21:19.312;126;NULL;1;0
4230;149;1;7444;NULL;141111,0000000;NULL;141111,0000000;NULL;NULL;19.10.2010, 13:21:04.617;12.05.2011, 09:21:19.312;126;NULL;1;0
4231;150;1;6482;NULL;6634,0000000;NULL;7611,0000000;NULL;NULL;19.10.2010, 13:21:04.617;12.05.2011, 09:21:19.312;126;NULL;1;0
4232;151;1;7639;NULL;50343,0000000;NULL;51742,0000000;NULL;NULL;19.10.2010, 13:21:04.617;12.05.2011, 09:21:19.312;126;NULL;1;0
4233;152;1;7232;NULL;1357,0000000;NULL;1357,0000000;NULL;NULL;19.10.2010, 13:21:04.617;12.05.2011, 09:21:19.312;126;NULL;1;0
4234;154;1;6405;NULL;2084,0000000;NULL;2084,0000000;NULL;NULL;19.10.2010, 13:21:04.617;12.05.2011, 09:21:19.312;126;NULL;1;0
4235;157;1;6145;NULL;13714,0000000;NULL;13714,0000000;NULL;NULL;19.10.2010, 13:21:04.617;12.05.2011, 09:21:19.312;126;NULL;1;0
4236;158;1;6585;NULL;7282,0000000;NULL;7329,0000000;NULL;NULL;19.10.2010, 13:21:04.617;12.05.2011, 09:21:19.312;126;NULL;1;0
4237;159;1;7367;NULL;1225,0000000;NULL;1225,0000000;NULL;NULL;19.10.2010, 13:21:04.617;12.05.2011, 09:21:19.312;126;NULL;1;0
4238;160;1;5971;NULL;627,0000000;NULL;627,0000000;NULL;NULL;19.10.2010, 13:21:04.617;12.05.2011, 09:21:19.312;126;NULL;1;0
4239;161;1;6687;NULL;73071,0000000;NULL;73078,0000000;NULL;NULL;19.10.2010, 13:21:04.617;12.05.2011, 09:21:19.312;126;NULL;1;0
4240;162;1;7089;NULL;44834,0000000;NULL;46025,0000000;NULL;NULL;19.10.2010, 13:21:04.617;12.05.2011, 09:21:19.312;126;NULL;1;0
4241;163;1;7238;NULL;3497,0000000;NULL;3497,0000000;NULL;NULL;19.10.2010, 13:21:04.617;12.05.2011, 09:21:19.312;126;NULL;1;0
4242;164;1;7377;NULL;131683,0000000;NULL;132322,0000000;NULL;NULL;19.10.2010, 13:21:04.617;12.05.2011, 09:21:19.312;126;NULL;1;0
4243;165;1;6960;NULL;28399,0000000;NULL;28642,0000000;NULL;NULL;19.10.2010, 13:21:04.617;12.05.2011, 09:21:19.312;126;NULL;1;0
4244;166;1;7823;NULL;6,0000000;NULL;6,0000000;NULL;NULL;19.10.2010, 13:21:04.617;12.05.2011, 09:21:19.312;158;NULL;1;0
4245;167;1;26215;NULL;17998,0000000;NULL;22843,0000000;NULL;NULL;19.10.2010, 13:21:04.617;12.05.2011, 09:21:19.312;158;NULL;1;0
4246;168;1;18980;NULL;3117,0000000;NULL;3478,0000000;NULL;NULL;19.10.2010, 13:21:04.617;12.05.2011, 09:21:19.312;158;NULL;1;0
4247;169;1;18981;NULL;1333,0000000;NULL;1538,0000000;NULL;NULL;19.10.2010, 13:21:04.617;12.05.2011, 09:21:19.312;158;NULL;1;0
4248;170;1;7407;NULL;7440,0000000;NULL;7542,0000000;NULL;NULL;19.10.2010, 13:21:04.617;12.05.2011, 09:21:19.312;158;NULL;1;0
4249;171;1;28410;NULL;6820,0000000;NULL;6820,0000000;NULL;NULL;19.10.2010, 13:21:04.617;12.05.2011, 09:21:19.312;158;NULL;1;0
4250;172;1;8134;NULL;97514,0000000;NULL;98225,0000000;NULL;NULL;19.10.2010, 13:21:04.617;12.05.2011, 09:21:19.312;158;NULL;1;0
4251;173;1;8123;NULL;1426,0000000;NULL;1475,0000000;NULL;NULL;19.10.2010, 13:21:04.617;12.05.2011, 09:21:19.312;158;NULL;1;0
4252;174;1;24635;NULL;2777,0000000;NULL;2777,0000000;NULL;NULL;19.10.2010, 13:21:04.617;12.05.2011, 09:21:19.312;184;NULL;1;0
4253;175;1;1668;NULL;2187,0000000;NULL;2524,0000000;NULL;NULL;19.10.2010, 13:21:04.617;12.05.2011, 09:21:19.312;156;NULL;1;0
4254;176;1;28491;NULL;1269,0000000;NULL;1339,0000000;NULL;NULL;19.10.2010, 13:21:04.617;12.05.2011, 09:21:19.312;124;NULL;1;0
4255;177;1;14155;NULL;2548,0000000;NULL;3671,0000000;NULL;NULL;19.10.2010, 13:21:04.617;12.05.2011, 09:21:19.312;143;NULL;1;0
4256;178;1;22961;NULL;10970,0000000;NULL;11253,0000000;NULL;NULL;19.10.2010, 13:21:04.617;12.05.2011, 09:21:19.312;171;NULL;1;0
4257;179;1;27103;NULL;2791,0000000;NULL;3099,0000000;NULL;NULL;19.10.2010, 13:21:04.617;12.05.2011, 09:21:19.312;106;NULL;1;0
4258;180;1;11684;NULL;48,0000000;NULL;51,0000000;NULL;NULL;19.10.2010, 13:21:04.617;12.05.2011, 09:21:19.312;138;NULL;1;0
4259;181;1;23710;NULL;8,0000000;NULL;8,0000000;NULL;NULL;19.10.2010, 13:21:04.617;12.05.2011, 09:21:19.312;106;NULL;1;0
4260;182;1;1071;NULL;5190,0000000;NULL;5190,0000000;NULL;NULL;19.10.2010, 13:21:04.617;12.05.2011, 09:21:19.312;155;NULL;1;0
4261;183;1;23336;NULL;23210,0000000;NULL;23210,0000000;NULL;NULL;19.10.2010, 13:21:04.617;12.05.2011, 09:21:19.312;143;NULL;1;0
4262;184;1;19278;NULL;6390,0000000;NULL;6390,0000000;NULL;NULL;19.10.2010, 13:21:04.617;12.05.2011, 09:21:19.312;136;NULL;1;0
4263;185;1;8992;NULL;8200,0000000;NULL;NULL;NULL;NULL;19.10.2010, 13:21:04.617;12.05.2011, 09:21:19.312;NULL;NULL;1;0
4264;186;1;28984;NULL;11421,0000000;NULL;11670,0000000;NULL;-249,0000000;19.10.2010, 13:21:04.617;12.05.2011, 09:21:19.312;158;NULL;1;0
4265;188;1;5113;NULL;6406,0000000;NULL;6406,0000000;NULL;NULL;19.10.2010, 13:21:04.617;12.05.2011, 09:21:19.312;174;NULL;1;0
4266;189;1;9627;NULL;368,0000000;NULL;375,0000000;NULL;NULL;19.10.2010, 13:21:04.617;12.05.2011, 09:21:19.312;171;NULL;1;0
4267;190;1;27844;NULL;2,0000000;NULL;2,0000000;NULL;NULL;19.10.2010, 13:21:04.617;12.05.2011, 09:21:19.312;148;NULL;1;0
4268;191;1;5518;NULL;7145,0000000;NULL;7332,0000000;NULL;NULL;19.10.2010, 13:21:04.617;12.05.2011, 09:21:19.312;122;NULL;1;0
4269;193;1;18709;NULL;33080,0000000;NULL;33590,0000000;NULL;NULL;19.10.2010, 13:21:04.617;12.05.2011, 09:21:19.312;122;NULL;1;0
4270;194;1;5471;NULL;29535,0000000;NULL;30193,0000000;NULL;NULL;19.10.2010, 13:21:04.617;12.05.2011, 09:21:19.312;122;NULL;1;0
4271;195;1;5355;NULL;27070,0000000;NULL;27070,0000000;NULL;NULL;19.10.2010, 13:21:04.617;12.05.2011, 09:21:19.312;122;NULL;1;0
4272;196;1;5218;NULL;1000,0000000;NULL;1000,0000000;NULL;NULL;19.10.2010, 13:21:04.617;12.05.2011, 09:21:19.312;122;NULL;1;0
4273;197;1;6684;NULL;43523,0000000;NULL;48413,0000000;NULL;NULL;19.10.2010, 13:21:04.617;12.05.2011, 09:21:19.312;126;NULL;1;0
4274;198;1;7226;NULL;1925,0000000;NULL;1962,0000000;NULL;NULL;19.10.2010, 13:21:04.617;12.05.2011, 09:21:19.312;126;NULL;1;0
4275;199;1;6407;NULL;27170,0000000;NULL;27170,0000000;NULL;NULL;19.10.2010, 13:21:04.617;12.05.2011, 09:21:19.312;126;NULL;1;0
4276;203;1;19012;NULL;719,0000000;NULL;860,0000000;NULL;NULL;19.10.2010, 13:21:04.617;12.05.2011, 09:21:19.312;158;NULL;1;0
4277;204;1;7837;NULL;6282,0000000;NULL;6432,0000000;NULL;NULL;19.10.2010, 13:21:04.617;12.05.2011, 09:21:19.312;158;NULL;1;0
4278;205;1;7838;NULL;14134,0000000;NULL;14512,0000000;NULL;NULL;19.10.2010, 13:21:04.617;12.05.2011, 09:21:19.312;158;NULL;1;0
4279;206;1;28281;NULL;630,0000000;NULL;630,0000000;NULL;NULL;19.10.2010, 13:21:04.617;12.05.2011, 09:21:19.312;158;NULL;1;0
4280;207;1;26447;NULL;27347,0000000;NULL;27347,0000000;NULL;NULL;19.10.2010, 13:21:04.617;12.05.2011, 09:21:19.312;158;NULL;1;0
4281;208;1;28269;NULL;12997,0000000;NULL;12997,0000000;NULL;NULL;19.10.2010, 13:21:04.617;12.05.2011, 09:21:19.312;158;NULL;1;0
4282;209;1;8557;NULL;137,0000000;NULL;324,0000000;NULL;NULL;19.10.2010, 13:21:04.617;12.05.2011, 09:21:19.312;158;NULL;1;0
4283;210;1;9729;NULL;77266,0000000;NULL;78960,0000000;NULL;NULL;19.10.2010, 13:21:04.617;12.05.2011, 09:21:19.312;158;NULL;1;0
4284;211;1;10115;NULL;8022,0000000;NULL;8173,0000000;NULL;NULL;19.10.2010, 13:21:04.617;12.05.2011, 09:21:19.312;127;NULL;1;0
4285;212;1;4104;NULL;20,0000000;NULL;20,0000000;NULL;NULL;19.10.2010, 13:21:04.617;12.05.2011, 09:21:19.312;106;NULL;1;0
4286;213;1;1782;NULL;28648,0000000;NULL;31701,0000000;NULL;NULL;19.10.2010, 13:21:04.617;12.05.2011, 09:21:19.312;146;NULL;1;0
4287;214;1;3159;NULL;3577,0000000;NULL;3577,0000000;NULL;NULL;19.10.2010, 13:21:04.617;12.05.2011, 09:21:19.312;106;NULL;1;0
4288;215;1;24638;NULL;237,5000000;NULL;243,5000000;NULL;NULL;19.10.2010, 13:21:04.617;12.05.2011, 09:21:19.312;184;NULL;1;0
4289;216;1;30162;NULL;273,0000000;NULL;590,0000000;NULL;NULL;19.10.2010, 13:21:04.617;12.05.2011, 09:21:19.312;184;NULL;1;0
4290;217;1;19864;NULL;7477,0000000;NULL;7585,0000000;NULL;NULL;19.10.2010, 13:21:04.617;12.05.2011, 09:21:19.312;169;NULL;1;0
4291;218;1;29448;NULL;2,0000000;NULL;2,0000000;NULL;NULL;19.10.2010, 13:21:04.617;12.05.2011, 09:21:19.312;129;NULL;1;0
4292;219;1;18769;NULL;5490,0000000;NULL;6340,0000000;NULL;NULL;19.10.2010, 13:21:04.617;12.05.2011, 09:21:19.312;150;NULL;1;0
4293;220;1;15641;NULL;1520,0000000;NULL;1986,0000000;NULL;NULL;19.10.2010, 13:21:04.617;12.05.2011, 09:21:19.312;130;NULL;1;0
4294;221;1;23708;NULL;8,0000000;NULL;8,0000000;NULL;NULL;19.10.2010, 13:21:04.617;12.05.2011, 09:21:19.312;106;NULL;1;0
4295;222;1;28248;NULL;13133,0000000;NULL;13590,0000000;NULL;NULL;19.10.2010, 13:21:04.617;12.05.2011, 09:21:19.312;158;NULL;1;0
4296;223;1;25803;NULL;2800,0000000;NULL;4183,0000000;NULL;NULL;19.10.2010, 13:21:04.617;12.05.2011, 09:21:19.312;143;NULL;1;0
4297;224;1;26781;NULL;7000,0000000;NULL;10398,0000000;NULL;NULL;19.10.2010, 13:21:04.617;12.05.2011, 09:21:19.312;158;NULL;1;0
4298;225;1;27088;NULL;609,0000000;NULL;759,0000000;NULL;NULL;19.10.2010, 13:21:04.617;12.05.2011, 09:21:19.312;136;NULL;1;0
4299;226;1;9634;NULL;25935,0000000;NULL;29291,0000000;NULL;NULL;19.10.2010, 13:21:04.617;12.05.2011, 09:21:19.312;171;NULL;1;0
4300;227;1;16147;NULL;2270,0000000;NULL;2324,0000000;NULL;NULL;19.10.2010, 13:21:04.617;12.05.2011, 09:21:19.312;171;NULL;1;0
4301;228;1;4735;NULL;30,0000000;NULL;33,0000000;NULL;NULL;19.10.2010, 13:21:04.617;12.05.2011, 09:21:19.312;174;NULL;1;0
4302;229;1;5138;NULL;66290,0000000;NULL;70949,0000000;NULL;NULL;19.10.2010, 13:21:04.617;12.05.2011, 09:21:19.312;174;NULL;1;0
4303;230;1;26864;NULL;4352,0000000;NULL;4475,0000000;NULL;NULL;19.10.2010, 13:21:04.617;12.05.2011, 09:21:19.312;106;NULL;1;0
4304;231;1;29432;NULL;1,0000000;NULL;1,0000000;NULL;NULL;19.10.2010, 13:21:04.617;12.05.2011, 09:21:19.312;145;NULL;1;0
4305;232;1;5098;NULL;2846,5000000;NULL;3405,5000000;NULL;NULL;19.10.2010, 13:21:04.617;12.05.2011, 09:21:19.312;184;NULL;1;0
4306;233;1;29396;NULL;3632,0000000;NULL;3833,0000000;NULL;NULL;19.10.2010, 13:21:04.617;12.05.2011, 09:21:19.312;155;NULL;1;0
4307;234;1;5102;NULL;4180,0000000;NULL;4447,0000000;NULL;NULL;19.10.2010, 13:21:04.617;12.05.2011, 09:21:19.312;155;NULL;1;0
4308;235;1;5751;NULL;1350,0000000;NULL;1350,0000000;NULL;NULL;19.10.2010, 13:21:04.617;12.05.2011, 09:21:19.312;122;NULL;1;0
4309;236;1;5443;NULL;2659,0000000;NULL;2659,0000000;NULL;NULL;19.10.2010, 13:21:04.617;12.05.2011, 09:21:19.312;122;NULL;1;0
4310;237;1;5664;NULL;0,0000000;NULL;0,0000000;NULL;NULL;19.10.2010, 13:21:04.617;12.05.2011, 09:21:19.312;124;NULL;1;0
4311;238;1;18867;NULL;125989,0000000;NULL;126514,0000000;NULL;NULL;19.10.2010, 13:21:04.617;12.05.2011, 09:21:19.312;124;NULL;1;0
4312;239;1;5314;NULL;3424,0000000;NULL;3424,0000000;NULL;NULL;19.10.2010, 13:21:04.617;12.05.2011, 09:21:19.312;124;NULL;1;0
4313;240;1;5640;NULL;155,0000000;NULL;197,0000000;NULL;702,0000000;19.10.2010, 13:21:04.617;12.05.2011, 09:21:19.312;124;NULL;1;0
4314;241;1;18889;NULL;9244,0000000;NULL;9451,0000000;NULL;NULL;19.10.2010, 13:21:04.617;12.05.2011, 09:21:19.312;124;NULL;1;0
4315;243;1;6426;NULL;175680,0000000;NULL;176811,0000000;NULL;NULL;19.10.2010, 13:21:04.617;12.05.2011, 09:21:19.312;126;NULL;1;0
4316;244;1;6184;NULL;4450,0000000;NULL;4550,0000000;NULL;NULL;19.10.2010, 13:21:04.617;12.05.2011, 09:21:19.312;126;NULL;1;0
4317;245;1;6597;NULL;20615,0000000;NULL;20615,0000000;NULL;NULL;19.10.2010, 13:21:04.617;12.05.2011, 09:21:19.312;126;NULL;1;0
4318;246;1;6954;NULL;170,0000000;NULL;197,0000000;NULL;NULL;19.10.2010, 13:21:04.617;12.05.2011, 09:21:19.312;126;NULL;1;0
4319;247;1;18962;NULL;188076,0000000;NULL;188076,0000000;NULL;NULL;19.10.2010, 13:21:04.617;12.05.2011, 09:21:19.312;126;NULL;1;0
4320;248;1;7079;NULL;7910,0000000;NULL;7910,0000000;NULL;NULL;19.10.2010, 13:21:04.617;12.05.2011, 09:21:19.312;126;NULL;1;0
4321;249;1;7227;NULL;703,0000000;NULL;703,0000000;NULL;NULL;19.10.2010, 13:21:04.617;12.05.2011, 09:21:19.312;126;NULL;1;0
4322;250;1;18957;NULL;410,0000000;NULL;550,0000000;NULL;NULL;19.10.2010, 13:21:04.617;12.05.2011, 09:21:19.312;126;NULL;1;0
4323;251;1;6410;NULL;4200,0000000;NULL;4300,0000000;NULL;NULL;19.10.2010, 13:21:04.617;12.05.2011, 09:21:19.312;126;NULL;1;0
4324;252;1;5883;NULL;5393,0000000;NULL;5393,0000000;NULL;NULL;19.10.2010, 13:21:04.617;12.05.2011, 09:21:19.312;126;NULL;1;0
4325;253;1;6675;NULL;13760,0000000;NULL;13790,0000000;NULL;NULL;19.10.2010, 13:21:04.617;12.05.2011, 09:21:19.312;126;NULL;1;0
4326;255;1;18974;NULL;8761,0000000;NULL;9138,0000000;NULL;NULL;19.10.2010, 13:21:04.617;12.05.2011, 09:21:19.312;126;NULL;1;0
4327;256;1;6986;NULL;935,0000000;NULL;957,0000000;NULL;NULL;19.10.2010, 13:21:04.617;12.05.2011, 09:21:19.312;158;NULL;1;0
4328;257;1;27568;NULL;19491,0000000;NULL;20935,0000000;NULL;NULL;19.10.2010, 13:21:04.617;12.05.2011, 09:21:19.312;158;NULL;1;0
4329;260;1;26388;NULL;27829,0000000;NULL;30132,0000000;NULL;NULL;19.10.2010, 13:21:04.617;12.05.2011, 09:21:19.312;158;NULL;1;0
4330;262;1;27586;NULL;28877,0000000;NULL;30826,0000000;NULL;NULL;19.10.2010, 13:21:04.617;12.05.2011, 09:21:19.312;158;NULL;1;0
4331;263;1;27795;NULL;1352,0000000;NULL;1360,0000000;NULL;NULL;19.10.2010, 13:21:04.617;12.05.2011, 09:21:19.312;158;NULL;1;0
4332;264;1;10202;NULL;46910,0000000;NULL;48432,0000000;NULL;NULL;19.10.2010, 13:21:04.617;12.05.2011, 09:21:19.312;158;NULL;1;0
4333;265;1;28928;NULL;2745,0000000;NULL;2822,0000000;NULL;NULL;19.10.2010, 13:21:04.617;12.05.2011, 09:21:19.312;158;NULL;1;0
4334;266;1;7472;NULL;25180,0000000;NULL;25500,0000000;NULL;NULL;19.10.2010, 13:21:04.617;12.05.2011, 09:21:19.312;158;NULL;1;0
4335;267;1;10217;NULL;54,1200000;NULL;59,3000000;NULL;NULL;19.10.2010, 13:21:04.617;12.05.2011, 09:21:19.312;127;NULL;1;0
4336;268;1;4051;NULL;9,0000000;NULL;9,0000000;NULL;NULL;19.10.2010, 13:21:04.617;12.05.2011, 09:21:19.312;111;NULL;1;0
4337;269;1;11107;NULL;16425,0000000;NULL;16501,0000000;NULL;NULL;19.10.2010, 13:21:04.617;12.05.2011, 09:21:19.312;129;NULL;1;0
4338;270;1;7792;NULL;1135,0000000;NULL;1205,0000000;NULL;NULL;19.10.2010, 13:21:04.617;12.05.2011, 09:21:19.312;147;NULL;1;0
4339;271;1;573;NULL;8287,0000000;NULL;8549,0000000;NULL;NULL;19.10.2010, 13:21:04.617;12.05.2011, 09:21:19.312;174;NULL;1;0
4340;272;1;1618;NULL;51996,0000000;NULL;52972,0000000;NULL;NULL;19.10.2010, 13:21:04.617;12.05.2011, 09:21:19.312;155;NULL;1;0
4341;273;1;16157;NULL;966222,0000000;NULL;978222,0000000;NULL;NULL;19.10.2010, 13:21:04.617;12.05.2011, 09:21:19.312;171;NULL;1;0
4342;274;1;18688;NULL;14,0000000;NULL;15,0000000;NULL;NULL;19.10.2010, 13:21:04.617;12.05.2011, 09:21:19.312;174;NULL;1;0
4343;275;1;27395;NULL;10,3000000;NULL;NULL;NULL;NULL;19.10.2010, 13:21:04.617;12.05.2011, 09:21:19.312;NULL;NULL;1;0
4344;276;1;27388;NULL;4913,0000000;NULL;5255,0000000;NULL;NULL;19.10.2010, 13:21:04.617;12.05.2011, 09:21:19.312;106;NULL;1;0
4345;277;1;15475;NULL;5096,0000000;NULL;5413,0000000;NULL;NULL;19.10.2010, 13:21:04.617;12.05.2011, 09:21:19.312;106;NULL;1;0
4346;278;1;5828;NULL;11408,0000000;NULL;15074,0000000;NULL;NULL;19.10.2010, 13:21:04.617;12.05.2011, 09:21:19.312;122;NULL;1;0
4347;280;1;5223;NULL;32064,0000000;NULL;32356,0000000;NULL;NULL;19.10.2010, 13:21:04.617;12.05.2011, 09:21:19.312;122;NULL;1;0
4348;281;1;5228;NULL;21754,0000000;NULL;21822,0000000;NULL;NULL;19.10.2010, 13:21:04.617;12.05.2011, 09:21:19.312;122;NULL;1;0
4349;282;1;5431;NULL;10,0000000;NULL;10,0000000;NULL;NULL;19.10.2010, 13:21:04.617;12.05.2011, 09:21:19.312;122;NULL;1;0
4350;283;1;5051;NULL;334085,0000000;NULL;336445,0000000;NULL;NULL;19.10.2010, 13:21:04.617;12.05.2011, 09:21:19.312;122;NULL;1;0
4351;284;1;6525;NULL;22,0000000;NULL;22,0000000;NULL;NULL;19.10.2010, 13:21:04.617;12.05.2011, 09:21:19.312;122;NULL;1;0
4352;286;1;18861;NULL;10165,0000000;NULL;10215,0000000;NULL;NULL;19.10.2010, 13:21:04.617;12.05.2011, 09:21:19.312;124;NULL;1;0
4353;287;1;6033;NULL;1971,0000000;NULL;2001,0000000;NULL;NULL;19.10.2010, 13:21:04.617;12.05.2011, 09:21:19.312;124;NULL;1;0
4354;288;1;6791;NULL;64253,0000000;NULL;65550,0000000;NULL;NULL;19.10.2010, 13:21:04.617;12.05.2011, 09:21:19.312;124;NULL;1;0
4355;289;1;5322;NULL;4641,0000000;NULL;4641,0000000;NULL;NULL;19.10.2010, 13:21:04.617;12.05.2011, 09:21:19.312;124;NULL;1;0
4356;290;1;6733;NULL;80119,0000000;NULL;80119,0000000;NULL;NULL;19.10.2010, 13:21:04.617;12.05.2011, 09:21:19.312;124;NULL;1;0
4357;291;1;18888;NULL;1754,0000000;NULL;1883,0000000;NULL;NULL;19.10.2010, 13:21:04.617;12.05.2011, 09:21:19.312;124;NULL;1;0
4358;293;1;5951;NULL;4700,0000000;NULL;4800,0000000;NULL;37,0000000;19.10.2010, 13:21:04.617;12.05.2011, 09:21:19.312;124;NULL;1;0
4359;296;1;6999;NULL;14988,0000000;NULL;15023,0000000;NULL;NULL;19.10.2010, 13:21:04.617;12.05.2011, 09:21:19.312;126;NULL;1;0
4360;297;1;6185;NULL;14253,0000000;NULL;14504,0000000;NULL;NULL;19.10.2010, 13:21:04.617;12.05.2011, 09:21:19.312;126;NULL;1;0
4361;298;1;6671;NULL;94564,0000000;NULL;97867,0000000;NULL;NULL;19.10.2010, 13:21:04.617;12.05.2011, 09:21:19.312;126;NULL;1;0
4362;299;1;6143;NULL;171560,0000000;NULL;173150,0000000;NULL;NULL;19.10.2010, 13:21:04.617;12.05.2011, 09:21:19.312;126;NULL;1;0
4363;300;1;7081;NULL;19900,0000000;NULL;20500,0000000;NULL;NULL;19.10.2010, 13:21:04.617;12.05.2011, 09:21:19.312;126;NULL;1;0
4364;301;1;7451;NULL;8032,0000000;NULL;8134,0000000;NULL;NULL;19.10.2010, 13:21:04.617;12.05.2011, 09:21:19.312;126;NULL;1;0
4365;302;1;7088;NULL;125823,0000000;NULL;126107,0000000;NULL;NULL;19.10.2010, 13:21:04.617;12.05.2011, 09:21:19.312;126;NULL;1;0
4366;303;1;7452;NULL;3069,0000000;NULL;3069,0000000;NULL;NULL;19.10.2010, 13:21:04.617;12.05.2011, 09:21:19.312;126;NULL;1;0
4367;304;1;6974;NULL;4191,0000000;NULL;4315,0000000;NULL;NULL;19.10.2010, 13:21:04.617;12.05.2011, 09:21:19.312;158;NULL;1;0
4368;306;1;6489;NULL;8776,0000000;NULL;8776,0000000;NULL;NULL;19.10.2010, 13:21:04.617;12.05.2011, 09:21:19.312;158;NULL;1;0
4369;307;1;8119;NULL;1561,0000000;NULL;1631,0000000;NULL;NULL;19.10.2010, 13:21:04.617;12.05.2011, 09:21:19.312;158;NULL;1;0
4370;308;1;7581;NULL;22949,0000000;NULL;24032,0000000;NULL;NULL;19.10.2010, 13:21:04.617;12.05.2011, 09:21:19.312;158;NULL;1;0
4371;309;1;7387;NULL;2774,0000000;NULL;3013,0000000;NULL;NULL;19.10.2010, 13:21:04.617;12.05.2011, 09:21:19.312;158;NULL;1;0
4372;310;1;28280;NULL;1987,0000000;NULL;1987,0000000;NULL;NULL;19.10.2010, 13:21:04.617;12.05.2011, 09:21:19.312;158;NULL;1;0
4373;311;1;19006;NULL;13260,0000000;NULL;13260,0000000;NULL;NULL;19.10.2010, 13:21:04.617;12.05.2011, 09:21:19.312;158;NULL;1;0
4374;312;1;18998;NULL;7520,0000000;NULL;7602,0000000;NULL;NULL;19.10.2010, 13:21:04.617;12.05.2011, 09:21:19.312;158;NULL;1;0
4375;313;1;16747;NULL;28624,0000000;NULL;28739,0000000;NULL;NULL;19.10.2010, 13:21:04.617;12.05.2011, 09:21:19.312;169;NULL;1;0
4376;314;1;27479;NULL;10917,0000000;NULL;NULL;NULL;NULL;19.10.2010, 13:21:04.617;12.05.2011, 09:21:19.312;NULL;NULL;1;0
4377;315;1;5881;NULL;24756,0000000;NULL;28215,0000000;NULL;NULL;19.10.2010, 13:21:04.617;12.05.2011, 09:21:19.312;126;NULL;1;0
4378;316;1;1795;NULL;7725,0000000;NULL;7834,0000000;NULL;NULL;19.10.2010, 13:21:04.617;12.05.2011, 09:21:19.312;106;NULL;1;0
4379;317;1;5614;NULL;2105,0000000;NULL;2105,0000000;NULL;NULL;19.10.2010, 13:21:04.617;12.05.2011, 09:21:19.312;124;NULL;1;0
4380;318;1;4000;NULL;6013,0000000;NULL;6552,0000000;NULL;NULL;19.10.2010, 13:21:04.617;12.05.2011, 09:21:19.312;155;NULL;1;0
4381;319;1;16152;NULL;5870,0000000;NULL;NULL;NULL;NULL;19.10.2010, 13:21:04.617;12.05.2011, 09:21:19.312;171;NULL;1;0
4382;320;1;28983;NULL;14745,0000000;NULL;14930,0000000;NULL;-185,0000000;19.10.2010, 13:21:04.617;12.05.2011, 09:21:19.312;158;NULL;1;0
4383;321;1;5174;NULL;301,0000000;NULL;301,0000000;NULL;NULL;19.10.2010, 13:21:04.617;12.05.2011, 09:21:19.312;152;NULL;1;0
4384;322;1;5699;NULL;10,0000000;NULL;NULL;NULL;NULL;19.10.2010, 13:21:04.617;12.05.2011, 09:21:19.312;NULL;NULL;1;0
4385;323;1;29394;NULL;2518,0000000;NULL;2637,0000000;NULL;NULL;19.10.2010, 13:21:04.617;12.05.2011, 09:21:19.312;155;NULL;1;0
4386;324;1;5099;NULL;1622,0000000;NULL;1622,0000000;NULL;NULL;19.10.2010, 13:21:04.617;12.05.2011, 09:21:19.312;155;NULL;1;0
4387;325;1;15469;NULL;3943,0000000;NULL;4110,0000000;NULL;NULL;19.10.2010, 13:21:04.617;12.05.2011, 09:21:19.312;106;NULL;1;0
4388;326;1;15472;NULL;5188,0000000;NULL;5611,0000000;NULL;NULL;19.10.2010, 13:21:04.617;12.05.2011, 09:21:19.312;106;NULL;1;0
4389;327;1;11425;NULL;5035,0000000;NULL;5085,0000000;NULL;100,0000000;19.10.2010, 13:21:04.617;12.05.2011, 09:21:19.312;106;NULL;1;0
4390;328;1;5723;NULL;4349,0000000;NULL;4659,0000000;NULL;NULL;19.10.2010, 13:21:04.617;12.05.2011, 09:21:19.312;122;NULL;1;0
4391;330;1;5517;NULL;192,0000000;NULL;192,0000000;NULL;NULL;19.10.2010, 13:21:04.617;12.05.2011, 09:21:19.312;122;NULL;1;0
4392;331;1;5729;NULL;370,0000000;NULL;370,0000000;NULL;NULL;19.10.2010, 13:21:04.617;12.05.2011, 09:21:19.312;122;NULL;1;0
4393;333;1;5433;NULL;11,0000000;NULL;11,0000000;NULL;NULL;19.10.2010, 13:21:04.617;12.05.2011, 09:21:19.312;122;NULL;1;0
4394;334;1;5519;NULL;1488,0000000;NULL;1671,0000000;NULL;NULL;19.10.2010, 13:21:04.617;12.05.2011, 09:21:19.312;122;NULL;1;0
4395;335;1;5835;NULL;14044,0000000;NULL;14185,0000000;NULL;NULL;19.10.2010, 13:21:04.617;12.05.2011, 09:21:19.312;122;NULL;1;0
4396;336;1;18720;NULL;45221,0000000;NULL;46316,0000000;NULL;NULL;19.10.2010, 13:21:04.617;12.05.2011, 09:21:19.312;122;NULL;1;0
4397;337;1;5634;NULL;122684,0000000;NULL;123460,0000000;NULL;NULL;19.10.2010, 13:21:04.617;12.05.2011, 09:21:19.312;124;NULL;1;0
4398;338;1;6788;NULL;17805,0000000;NULL;18205,0000000;NULL;NULL;19.10.2010, 13:21:04.617;12.05.2011, 09:21:19.312;124;NULL;1;0
